Vitoria,40,Camburi,90,WrapsafeVila Velha,20,Mari,55,Redmond,65,Alvaro,55,Ronda,65,Olose,60,Campinas,70,Luxson,85
Central,16
Fanley,14
Elgon,8
Marsaile,15
City Center,8
Bello,8
Meltown,17
Carpenter,5
Dolson,13
Gymcenter,11
Hotland,10
Fredy,17
ALberg,15
GatewayCity,9
Fairmont,10
Galey,18
Bandon,5
Clobo,12
Lothevy,17
Highridge,8
Crest Center,13
Utali,11
Southland,12
Rockecenter,16
Delmonte,19
Ryan center,20
Graedeley,16
Schmedeman,18
Macpherson,11
Sutteridge,20
Beilfuss,20
Logan,10
Corben,6
Oak Valley,5
Merry,19
Maryland,18
Novick,11
Dayton,19
Brentwood,8
Nancy,12
Scott,15
Nancy,17
Bay,20
Welch,17
Penania,11
Haas,16
Fairview,15
Fisk,16
Rowland,6
Scofield,10
1st,6
Golf View,8
Scofield,12
Fairfield,17
Roth,14
Talisman,9
Pierstorff,10
Manitowish,18
Pleasure,11
Duke,6
Meadow Valley,5
Texas,15
Jay,14
Talisman,6
Oriole,15
Prentice,13
Bunting,7
Prairie Rose,11
Haas,16
Blackbird,6
Sommers,6
Meadow Ridge,9
Namekagon,7
Granby,12
Oakridge,17
West,17
Prairieview,5
Dovetail,16
Red Cloud,6
Loftsgordon,9
Bobwhite,16
Summerview,10
Merry,10
Vermont,13
Cottonwood,8
Vera,6
Aberg,15
Cambridge,10
Quincy,8
Bartillon,12
Michigana,8
Scott,10
Nobel-center,20
Express-way,11
Steenslander,13
Cloveland,14
Becker-ridge,13
Mallory-center,18
Mosinlee,10
Lyons,20
